"Mænd";"FORTJENESTE PR. PRÆSTERET TIME";"Lønmodtagergrupper i alt";"Timelønnede";"Sektorer i alt";"513 Tjenere og bartendere";174.70
"Mænd";"FORTJENESTE PR. PRÆSTERET TIME";"Lønmodtagergrupper i alt";"Timelønnede";"Sektorer i alt";"5131 Tjenerarbejde";176.28
"Mænd";"FORTJENESTE PR. PRÆSTERET TIME";"Lønmodtagergrupper i alt";"Timelønnede";"Sektorer i alt";"5132 Bartenderarbejde";165.08
"Mænd";"FORTJENESTE PR. PRÆSTERET TIME";"Lønmodtagergrupper i alt";"Timelønnede";"Sektorer i alt";"514 Frisørarbejde og kosmetologarbejde samt beslægtede funktioner";213.76
"Mænd";"FORTJENESTE PR. PRÆSTERET TIME";"Lønmodtagergrupper i alt";"Timelønnede";"Sektorer i alt";"5141 Frisørarbejde";..
"Mænd";"FORTJENESTE PR. PRÆSTERET TIME";"Lønmodtagergrupper i alt";"Timelønnede";"Sektorer i alt";"5142 Kosmetologarbejde og beslægtede funktioner";..
"Mænd";"FORTJENESTE PR. PRÆSTERET TIME";"Lønmodtagergrupper i alt";"Timelønnede";"Sektorer i alt";"515 Inspektørarbejde inden for rengøring, husholdning og ejendomme";210.60
"Mænd";"FORTJENESTE PR. PRÆSTERET TIME";"Lønmodtagergrupper i alt";"Timelønnede";"Sektorer i alt";"5151 Rengøringsinspektørarbejde";230.07
"Mænd";"FORTJENESTE PR. PRÆSTERET TIME";"Lønmodtagergrupper i alt";"Timelønnede";"Sektorer i alt";"5152 Husbestyrerarbejde";..
"Mænd";"FORTJENESTE PR. PRÆSTERET TIME";"Lønmodtagergrupper i alt";"Timelønnede";"Sektorer i alt";"5153 Ejendomsinspektørarbejde";207.03
"Mænd";"FORTJENESTE PR. PRÆSTERET TIME";"Lønmodtagergrupper i alt";"Timelønnede";"Sektorer i alt";"516 Andet servicearbejde";187.84
"Mænd";"FORTJENESTE PR. PRÆSTERET TIME";"Lønmodtagergrupper i alt";"Timelønnede";"Sektorer i alt";"5161 Astrologiarbejde og beslægtede funktioner";..
"Mænd";"FORTJENESTE PR. PRÆSTERET TIME";"Lønmodtagergrupper i alt";"Timelønnede";"Sektorer i alt";"5162 Kammertjenerarbejde";..
"Mænd";"FORTJENESTE PR. PRÆSTERET TIME";"Lønmodtagergrupper i alt";"Timelønnede";"Sektorer i alt";"5163 Bedemandsarbejde";..
"Mænd";"FORTJENESTE PR. PRÆSTERET TIME";"Lønmodtagergrupper i alt";"Timelønnede";"Sektorer i alt";"5164 Arbejde med kæledyr";..
"Mænd";"FORTJENESTE PR. PRÆSTERET TIME";"Lønmodtagergrupper i alt";"Timelønnede";"Sektorer i alt";"5165 Kørelærerarbejde";..
"Mænd";"FORTJENESTE PR. PRÆSTERET TIME";"Lønmodtagergrupper i alt";"Timelønnede";"Sektorer i alt";"5169 Servicearbejde ikke klassificeret andetsteds";185.53
"Mænd";"FORTJENESTE PR. PRÆSTERET TIME";"Lønmodtagergrupper i alt";"Timelønnede";"Sektorer i alt";"52 Salgsarbejde (ekskl. agentarbejde)";146.19
"Mænd";"FORTJENESTE PR. PRÆSTERET TIME";"Lønmodtagergrupper i alt";"Timelønnede";"Sektorer i alt";"521 Salgsarbejde på gade og marked";..
"Mænd";"FORTJENESTE PR. PRÆSTERET TIME";"Lønmodtagergrupper i alt";"Timelønnede";"Sektorer i alt";"5211 Stade- og markedssalg";..
"Mænd";"FORTJENESTE PR. PRÆSTERET TIME";"Lønmodtagergrupper i alt";"Timelønnede";"Sektorer i alt";"5212 Gadesalg af fødevarer";..
"Mænd";"FORTJENESTE PR. PRÆSTERET TIME";"Lønmodtagergrupper i alt";"Timelønnede";"Sektorer i alt";"522 Salgsarbejde i butik";146.16
"Mænd";"FORTJENESTE PR. PRÆSTERET TIME";"Lønmodtagergrupper i alt";"Timelønnede";"Sektorer i alt";"5223 Salgsarbejde i butik";146.16
"Mænd";"FORTJENESTE PR. PRÆSTERET TIME";"Lønmodtagergrupper i alt";"Timelønnede";"Sektorer i alt";"523 Kasseassistentarbejde og beslægtet kundebetjening";125.46
"Mænd";"FORTJENESTE PR. PRÆSTERET TIME";"Lønmodtagergrupper i alt";"Timelønnede";"Sektorer i alt";"5230 Kasseassistentarbejde og beslægtet kundebetjening";125.46
"Mænd";"FORTJENESTE PR. PRÆSTERET TIME";"Lønmodtagergrupper i alt";"Timelønnede";"Sektorer i alt";"524 Andet salgsarbejde";175.51
"Mænd";"FORTJENESTE PR. PRÆSTERET TIME";"Lønmodtagergrupper i alt";"Timelønnede";"Sektorer i alt";"5241 Modelarbejde";..
"Mænd";"FORTJENESTE PR. PRÆSTERET TIME";"Lønmodtagergrupper i alt";"Timelønnede";"Sektorer i alt";"5242 Demonstrationsarbejde";..
"Mænd";"FORTJENESTE PR. PRÆSTERET TIME";"Lønmodtagergrupper i alt";"Timelønnede";"Sektorer i alt";"5244 Salgsarbejde i kundekontaktcentre";179.66
"Mænd";"FORTJENESTE PR. PRÆSTERET TIME";"Lønmodtagergrupper i alt";"Timelønnede";"Sektorer i alt";"5245 Salgsarbejde på servicestationer";171.29
"Mænd";"FORTJENESTE PR. PRÆSTERET TIME";"Lønmodtagergrupper i alt";"Timelønnede";"Sektorer i alt";"5246 Kasseassistentarbejde inden for catering og fastfood";162.85
"Mænd";"FORTJENESTE PR. PRÆSTERET TIME";"Lønmodtagergrupper i alt";"Timelønnede";"Sektorer i alt";"5249 Salgsarbejde ikke klassificeret andetsteds";210.66
"Mænd";"FORTJENESTE PR. PRÆSTERET TIME";"Lønmodtagergrupper i alt";"Timelønnede";"Sektorer i alt";"53 Omsorgsarbejde";215.31
"Mænd";"FORTJENESTE PR. PRÆSTERET TIME";"Lønmodtagergrupper i alt";"Timelønnede";"Sektorer i alt";"531 Børneomsorgsarbejde og hjælpelærerarbejde";185.09
"Mænd";"FORTJENESTE PR. PRÆSTERET TIME";"Lønmodtagergrupper i alt";"Timelønnede";"Sektorer i alt";"5311 Børneomsorgsarbejde";185.24
"Mænd";"FORTJENESTE PR. PRÆSTERET TIME";"Lønmodtagergrupper i alt";"Timelønnede";"Sektorer i alt";"5312 Hjælpelærerarbejde";..
"Mænd";"FORTJENESTE PR. PRÆSTERET TIME";"Lønmodtagergrupper i alt";"Timelønnede";"Sektorer i alt";"532 Omsorgsarbejde inden for sundhedsområdet";226.69
"Mænd";"FORTJENESTE PR. PRÆSTERET TIME";"Lønmodtagergrupper i alt";"Timelønnede";"Sektorer i alt";"5321 Omsorgsarbejde på institutioner og hospitaler (ekskl. plejehjem)";249.41
"Mænd";"FORTJENESTE PR. PRÆSTERET TIME";"Lønmodtagergrupper i alt";"Timelønnede";"Sektorer i alt";"5322 Social- og sundhedsarbejde i private hjem (inkl. plejehjem)";209.40
"Mænd";"FORTJENESTE PR. PRÆSTERET TIME";"Lønmodtagergrupper i alt";"Timelønnede";"Sektorer i alt";"5329 Andet omsorgsarbejde inden for sundhedsområdet";210.45
"Mænd";"FORTJENESTE PR. PRÆSTERET TIME";"Lønmodtagergrupper i alt";"Timelønnede";"Sektorer i alt";"54 Rednings- og overvågningsarbejde";236.92
"Mænd";"FORTJENESTE PR. PRÆSTERET TIME";"Lønmodtagergrupper i alt";"Timelønnede";"Sektorer i alt";"541 Rednings- og overvågningsarbejde";236.92
"Mænd";"FORTJENESTE PR. PRÆSTERET TIME";"Lønmodtagergrupper i alt";"Timelønnede";"Sektorer i alt";"5411 Brandslukningsarbejde";317.14
"Mænd";"FORTJENESTE PR. PRÆSTERET TIME";"Lønmodtagergrupper i alt";"Timelønnede";"Sektorer i alt";"5412 Politiarbejde";..
"Mænd";"FORTJENESTE PR. PRÆSTERET TIME";"Lønmodtagergrupper i alt";"Timelønnede";"Sektorer i alt";"5413 Fængselsbetjentarbejde";..
"Mænd";"FORTJENESTE PR. PRÆSTERET TIME";"Lønmodtagergrupper i alt";"Timelønnede";"Sektorer i alt";"5414 Sikkerhedsvagtarbejde";239.68
"Mænd";"FORTJENESTE PR. PRÆSTERET TIME";"Lønmodtagergrupper i alt";"Timelønnede";"Sektorer i alt";"5419 Andet rednings- og overvågningsarbejde (ekskl. ambulancebehandlere)";206.05
"Mænd";"FORTJENESTE PR. PRÆSTERET TIME";"Lønmodtagergrupper i alt";"Timelønnede";"Sektorer i alt";"6 Arbejde inden for landbrug, skovbrug og fiskeri ekskl. medhjælp";227.92
"Mænd";"FORTJENESTE PR. PRÆSTERET TIME";"Lønmodtagergrupper i alt";"Timelønnede";"Sektorer i alt";"61 Arbejde inden for landbrug og gartneri ekskl. medhjælp";227.84
"Mænd";"FORTJENESTE PR. PRÆSTERET TIME";"Lønmodtagergrupper i alt";"Timelønnede";"Sektorer i alt";"611 Arbejde med plantevækst";232.61
"Mænd";"FORTJENESTE PR. PRÆSTERET TIME";"Lønmodtagergrupper i alt";"Timelønnede";"Sektorer i alt";"6111 Dyrkning af markafgrøder inden for jordbrug";..
"Mænd";"FORTJENESTE PR. PRÆSTERET TIME";"Lønmodtagergrupper i alt";"Timelønnede";"Sektorer i alt";"6112 Dyrkning af afgrøder fra træer og buske";..
"Mænd";"FORTJENESTE PR. PRÆSTERET TIME";"Lønmodtagergrupper i alt";"Timelønnede";"Sektorer i alt";"6113 Væksthus- og anlægsgartnerarbejde";233.07
"Mænd";"FORTJENESTE PR. PRÆSTERET TIME";"Lønmodtagergrupper i alt";"Timelønnede";"Sektorer i alt";"6114 Dyrkning af blandede afgrøder";..
"Mænd";"FORTJENESTE PR. PRÆSTERET TIME";"Lønmodtagergrupper i alt";"Timelønnede";"Sektorer i alt";"612 Arbejde med dyreopdræt";186.01
"Mænd";"FORTJENESTE PR. PRÆSTERET TIME";"Lønmodtagergrupper i alt";"Timelønnede";"Sektorer i alt";"6121 Arbejde med opdræt af husdyr, ekskl. fjerkræ";..
"Mænd";"FORTJENESTE PR. PRÆSTERET TIME";"Lønmodtagergrupper i alt";"Timelønnede";"Sektorer i alt";"6122 Arbejde med opdræt af fjerkræ";..
"Mænd";"FORTJENESTE PR. PRÆSTERET TIME";"Lønmodtagergrupper i alt";"Timelønnede";"Sektorer i alt";"6123 Arbejde med bi- og silkeavl";..
"Mænd";"FORTJENESTE PR. PRÆSTERET TIME";"Lønmodtagergrupper i alt";"Timelønnede";"Sektorer i alt";"6129 Andet arbejde med dyreopdræt";..
"Mænd";"FORTJENESTE PR. PRÆSTERET TIME";"Lønmodtagergrupper i alt";"Timelønnede";"Sektorer i alt";"613 Arbejde med dyrkning af plantevækst og opdræt af dyr";196.58
"Mænd";"FORTJENESTE PR. PRÆSTERET TIME";"Lønmodtagergrupper i alt";"Timelønnede";"Sektorer i alt";"6130 Arbejde med dyrkning af plantevækst og opdræt af dyr";196.58
"Mænd";"FORTJENESTE PR. PRÆSTERET TIME";"Lønmodtagergrupper i alt";"Timelønnede";"Sektorer i alt";"62 Arbejde inden for skovbrug, fiskeri og jagt";..
"Mænd";"FORTJENESTE PR. PRÆSTERET TIME";"Lønmodtagergrupper i alt";"Timelønnede";"Sektorer i alt";"621 Skovbrugsarbejde";..
"Mænd";"FORTJENESTE PR. PRÆSTERET TIME";"Lønmodtagergrupper i alt";"Timelønnede";"Sektorer i alt";"6210 Skovbrugsarbejde";..
"Mænd";"FORTJENESTE PR. PRÆSTERET TIME";"Lønmodtagergrupper i alt";"Timelønnede";"Sektorer i alt";"622 Arbejde med fiskeri og jagt";..
"Mænd";"FORTJENESTE PR. PRÆSTERET TIME";"Lønmodtagergrupper i alt";"Timelønnede";"Sektorer i alt";"6221 Arbejde inden for akvakultur";..
"Mænd";"FORTJENESTE PR. PRÆSTERET TIME";"Lønmodtagergrupper i alt";"Timelønnede";"Sektorer i alt";"6222 Arbejde med fiskeri i kyst- og søområder";..
"Mænd";"FORTJENESTE PR. PRÆSTERET TIME";"Lønmodtagergrupper i alt";"Timelønnede";"Sektorer i alt";"6223 Arbejde med havfiskeri";..
"Mænd";"FORTJENESTE PR. PRÆSTERET TIME";"Lønmodtagergrupper i alt";"Timelønnede";"Sektorer i alt";"6224 Jagtarbejde";..
"Mænd";"FORTJENESTE PR. PRÆSTERET TIME";"Lønmodtagergrupper i alt";"Timelønnede";"Sektorer i alt";"7 Håndværkspræget arbejde";265.10
"Mænd";"FORTJENESTE PR. PRÆSTERET TIME";"Lønmodtagergrupper i alt";"Timelønnede";"Sektorer i alt";"71 Håndværkspræget arbejde inden for byggeri, undtagen elektrikerarbejde";269.79
"Mænd";"FORTJENESTE PR. PRÆSTERET TIME";"Lønmodtagergrupper i alt";"Timelønnede";"Sektorer i alt";"711 Bygningsarbejde (ekskl. medhjælpere) - basis";264.77
"Mænd";"FORTJENESTE PR. PRÆSTERET TIME";"Lønmodtagergrupper i alt";"Timelønnede";"Sektorer i alt";"7112 Murer- og brolægningsarbejde";283.31
"Mænd";"FORTJENESTE PR. PRÆSTERET TIME";"Lønmodtagergrupper i alt";"Timelønnede";"Sektorer i alt";"7113 Stenhuggerarbejde";228.31
"Mænd";"FORTJENESTE PR. PRÆSTERET TIME";"Lønmodtagergrupper i alt";"Timelønnede";"Sektorer i alt";"7114 Arbejde med opførelse af betonkonstruktioner";264.71
"Mænd";"FORTJENESTE PR. PRÆSTERET TIME";"Lønmodtagergrupper i alt";"Timelønnede";"Sektorer i alt";"7115 Tømrer- og bygningssnedkerarbejde";261.95
"Mænd";"FORTJENESTE PR. PRÆSTERET TIME";"Lønmodtagergrupper i alt";"Timelønnede";"Sektorer i alt";"7119 Andet bygningsarbejde - basis";248.98
"Mænd";"FORTJENESTE PR. PRÆSTERET TIME";"Lønmodtagergrupper i alt";"Timelønnede";"Sektorer i alt";"712 Bygningsarbejde (ekskl. medhjælpere) - finish";290.48
"Mænd";"FORTJENESTE PR. PRÆSTERET TIME";"Lønmodtagergrupper i alt";"Timelønnede";"Sektorer i alt";"7121 Arbejde med tagdækning";271.27
"Mænd";"FORTJENESTE PR. PRÆSTERET TIME";"Lønmodtagergrupper i alt";"Timelønnede";"Sektorer i alt";"7122 Arbejde med gulv- og klinkelægning";262.53
"Mænd";"FORTJENESTE PR. PRÆSTERET TIME";"Lønmodtagergrupper i alt";"Timelønnede";"Sektorer i alt";"7123 Stukkatørarbejde";..
"Mænd";"FORTJENESTE PR. PRÆSTERET TIME";"Lønmodtagergrupper i alt";"Timelønnede";"Sektorer i alt";"7124 Arbejde med isolering af bygninger";273.66
"Mænd";"FORTJENESTE PR. PRÆSTERET TIME";"Lønmodtagergrupper i alt";"Timelønnede";"Sektorer i alt";"7125 Glarmesterarbejde";235.11
"Mænd";"FORTJENESTE PR. PRÆSTERET TIME";"Lønmodtagergrupper i alt";"Timelønnede";"Sektorer i alt";"7126 VVS-arbejde";298.28
"Mænd";"FORTJENESTE PR. PRÆSTERET TIME";"Lønmodtagergrupper i alt";"Timelønnede";"Sektorer i alt";"7127 Montørarbejde inden for klima- og køleteknik";294.99
"Mænd";"FORTJENESTE PR. PRÆSTERET TIME";"Lønmodtagergrupper i alt";"Timelønnede";"Sektorer i alt";"713 Malere og arbejde inden for rensning af bygninger";250.73
"Mænd";"FORTJENESTE PR. PRÆSTERET TIME";"Lønmodtagergrupper i alt";"Timelønnede";"Sektorer i alt";"7131 Malerarbejde";251.57
"Mænd";"FORTJENESTE PR. PRÆSTERET TIME";"Lønmodtagergrupper i alt";"Timelønnede";"Sektorer i alt";"7132 Sprøjtelakererarbejde";243.29
"Mænd";"FORTJENESTE PR. PRÆSTERET TIME";"Lønmodtagergrupper i alt";"Timelønnede";"Sektorer i alt";"7133 Rensning af bygninger";303.83
"Mænd";"FORTJENESTE PR. PRÆSTERET TIME";"Lønmodtagergrupper i alt";"Timelønnede";"Sektorer i alt";"72 Metal- og maskinarbejde";259.21
"Mænd";"FORTJENESTE PR. PRÆSTERET TIME";"Lønmodtagergrupper i alt";"Timelønnede";"Sektorer i alt";"721 Pladearbejde, svejsning og beslægtede funktioner";263.47
"Mænd";"FORTJENESTE PR. PRÆSTERET TIME";"Lønmodtagergrupper i alt";"Timelønnede";"Sektorer i alt";"7211 Formning og støbning af emner i metal";241.16
"Mænd";"FORTJENESTE PR. PRÆSTERET TIME";"Lønmodtagergrupper i alt";"Timelønnede";"Sektorer i alt";"7212 Svejsearbejde og skærebrænding";274.55
"Mænd";"FORTJENESTE PR. PRÆSTERET TIME";"Lønmodtagergrupper i alt";"Timelønnede";"Sektorer i alt";"7213 Pladesmedarbejde";249.79
"Mænd";"FORTJENESTE PR. PRÆSTERET TIME";"Lønmodtagergrupper i alt";"Timelønnede";"Sektorer i alt";"7214 Stålkonstruktionsarbejde";259.52
"Mænd";"FORTJENESTE PR. PRÆSTERET TIME";"Lønmodtagergrupper i alt";"Timelønnede";"Sektorer i alt";"7215 Riggerarbejde";..
"Mænd";"FORTJENESTE PR. PRÆSTERET TIME";"Lønmodtagergrupper i alt";"Timelønnede";"Sektorer i alt";"722 Smede, værktøjsmagere og beslægtede funktioner";263.45
"Mænd";"FORTJENESTE PR. PRÆSTERET TIME";"Lønmodtagergrupper i alt";"Timelønnede";"Sektorer i alt";"7221 Smedearbejde";266.93
"Mænd";"FORTJENESTE PR. PRÆSTERET TIME";"Lønmodtagergrupper i alt";"Timelønnede";"Sektorer i alt";"7222 Værktøjsmagerarbejde";249.67
"Mænd";"FORTJENESTE PR. PRÆSTERET TIME";"Lønmodtagergrupper i alt";"Timelønnede";"Sektorer i alt";"7223 Operatør- og opstillingsarbejde af metalforarbejdningsmaskiner";264.30
"Mænd";"FORTJENESTE PR. PRÆSTERET TIME";"Lønmodtagergrupper i alt";"Timelønnede";"Sektorer i alt";"7224 Arbejde med polering og slibning af emner i metal";270.43
"Mænd";"FORTJENESTE PR. PRÆSTERET TIME";"Lønmodtagergrupper i alt";"Timelønnede";"Sektorer i alt";"723 Mekanikerarbejde";249.87
"Mænd";"FORTJENESTE PR. PRÆSTERET TIME";"Lønmodtagergrupper i alt";"Timelønnede";"Sektorer i alt";"7231 Mekanikerarbejde inden for motorkøretøjer";243.86
"Mænd";"FORTJENESTE PR. PRÆSTERET TIME";"Lønmodtagergrupper i alt";"Timelønnede";"Sektorer i alt";"7232 Flymekanikerarbejde";..
"Mænd";"FORTJENESTE PR. PRÆSTERET TIME";"Lønmodtagergrupper i alt";"Timelønnede";"Sektorer i alt";"7233 Mekanikerarbejde, landbrugs- og industrimaskiner";269.56
"Mænd";"FORTJENESTE PR. PRÆSTERET TIME";"Lønmodtagergrupper i alt";"Timelønnede";"Sektorer i alt";"7234 Mekanikerarbejde, cykler og tilsvarende køretøjer";199.58
"Mænd";"FORTJENESTE PR. PRÆSTERET TIME";"Lønmodtagergrupper i alt";"Timelønnede";"Sektorer i alt";"73 Præcisionshåndværk og grafisk arbejde";290.98
"Mænd";"FORTJENESTE PR. PRÆSTERET TIME";"Lønmodtagergrupper i alt";"Timelønnede";"Sektorer i alt";"731 Præcisionshåndværk";243.16
"Mænd";"FORTJENESTE PR. PRÆSTERET TIME";"Lønmodtagergrupper i alt";"Timelønnede";"Sektorer i alt";"7311 Finmekanikerarbejde";251.12
"Mænd";"FORTJENESTE PR. PRÆSTERET TIME";"Lønmodtagergrupper i alt";"Timelønnede";"Sektorer i alt";"7312 Håndfremstilling af musikinstrumenter";..
"Mænd";"FORTJENESTE PR. PRÆSTERET TIME";"Lønmodtagergrupper i alt";"Timelønnede";"Sektorer i alt";"7313 Juveler-, guld- og sølvsmedearbejde";..
"Mænd";"FORTJENESTE PR. PRÆSTERET TIME";"Lønmodtagergrupper i alt";"Timelønnede";"Sektorer i alt";"7314 Pottemagerarbejde og beslægtede funktioner";..
"Mænd";"FORTJENESTE PR. PRÆSTERET TIME";"Lønmodtagergrupper i alt";"Timelønnede";"Sektorer i alt";"7315 Glaspusterarbejde og arbejde med færdiggørelse af glasprodukter";..
"Mænd";"FORTJENESTE PR. PRÆSTERET TIME";"Lønmodtagergrupper i alt";"Timelønnede";"Sektorer i alt";"7316 Skiltemaler-, dekoratør- og gravørarbejde";220.65
"Mænd";"FORTJENESTE PR. PRÆSTERET TIME";"Lønmodtagergrupper i alt";"Timelønnede";"Sektorer i alt";"7317 Håndfremstilling af produkter i træ og tilsvarende materialer";233.13
"Mænd";"FORTJENESTE PR. PRÆSTERET TIME";"Lønmodtagergrupper i alt";"Timelønnede";"Sektorer i alt";"7318 Håndfremstilling af produkter i tekstil, læder og tilsvarende materialer";..
"Mænd";"FORTJENESTE PR. PRÆSTERET TIME";"Lønmodtagergrupper i alt";"Timelønnede";"Sektorer i alt";"7319 Andet præcisionshåndværk";..
"Mænd";"FORTJENESTE PR. PRÆSTERET TIME";"Lønmodtagergrupper i alt";"Timelønnede";"Sektorer i alt";"732 Grafisk arbejde";306.71
"Mænd";"FORTJENESTE PR. PRÆSTERET TIME";"Lønmodtagergrupper i alt";"Timelønnede";"Sektorer i alt";"7321 Prepressarbejde og grafisk formfremstilling";313.65
"Mænd";"FORTJENESTE PR. PRÆSTERET TIME";"Lønmodtagergrupper i alt";"Timelønnede";"Sektorer i alt";"7322 Trykkerarbejde";336.88
"Mænd";"FORTJENESTE PR. PRÆSTERET TIME";"Lønmodtagergrupper i alt";"Timelønnede";"Sektorer i alt";"7323 Arbejde med færdiggørelse og indbinding af trykte produkter";251.99
"Mænd";"FORTJENESTE PR. PRÆSTERET TIME";"Lønmodtagergrupper i alt";"Timelønnede";"Sektorer i alt";"74 Arbejde inden for det elektriske og elektroniske område";272.88
"Mænd";"FORTJENESTE PR. PRÆSTERET TIME";"Lønmodtagergrupper i alt";"Timelønnede";"Sektorer i alt";"741 Installation- og reparation af elektrisk udstyr";273.14
"Mænd";"FORTJENESTE PR. PRÆSTERET TIME";"Lønmodtagergrupper i alt";"Timelønnede";"Sektorer i alt";"7411 Elektrikerarbejde";270.26
"Mænd";"FORTJENESTE PR. PRÆSTERET TIME";"Lønmodtagergrupper i alt";"Timelønnede";"Sektorer i alt";"7412 Elektromekanikerarbejde";299.29
"Mænd";"FORTJENESTE PR. PRÆSTERET TIME";"Lønmodtagergrupper i alt";"Timelønnede";"Sektorer i alt";"7413 Installation og reparation af elektrisk ledningsføring inden for forsyningsvirksomhed";308.69
"Mænd";"FORTJENESTE PR. PRÆSTERET TIME";"Lønmodtagergrupper i alt";"Timelønnede";"Sektorer i alt";"742 Installation og reparation af elektronik og telekommunikation";260.62
"Mænd";"FORTJENESTE PR. PRÆSTERET TIME";"Lønmodtagergrupper i alt";"Timelønnede";"Sektorer i alt";"7421 Elektronikmekanikerarbejde";258.35
"Mænd";"FORTJENESTE PR. PRÆSTERET TIME";"Lønmodtagergrupper i alt";"Timelønnede";"Sektorer i alt";"7422 Installation og service inden for informations- og kommunikationsteknologi";..
"Mænd";"FORTJENESTE PR. PRÆSTERET TIME";"Lønmodtagergrupper i alt";"Timelønnede";"Sektorer i alt";"75 Fødevarefremstilling, snedkeriarbejde, beklædningsfremstilling og beslægtede håndværk";245.40
"Mænd";"FORTJENESTE PR. PRÆSTERET TIME";"Lønmodtagergrupper i alt";"Timelønnede";"Sektorer i alt";"751 Arbejde inden for nærings- og nydelsesmiddelområdet";255.39
"Mænd";"FORTJENESTE PR. PRÆSTERET TIME";"Lønmodtagergrupper i alt";"Timelønnede";"Sektorer i alt";"7511 Slagterarbejde, fiskehandel og beslægtet arbejde inden for fødevarefremstilling";220.26
"Mænd";"FORTJENESTE PR. PRÆSTERET TIME";"Lønmodtagergrupper i alt";"Timelønnede";"Sektorer i alt";"7512 Bager- og konditorarbejde, ekskl. industri";218.75
"Mænd";"FORTJENESTE PR. PRÆSTERET TIME";"Lønmodtagergrupper i alt";"Timelønnede";"Sektorer i alt";"7513 Fremstilling af mejeriprodukter";287.02
"Mænd";"FORTJENESTE PR. PRÆSTERET TIME";"Lønmodtagergrupper i alt";"Timelønnede";"Sektorer i alt";"7514 Fremstilling og konservering af frugt, grøntsager og tilsvarende produkter";226.83
"Mænd";"FORTJENESTE PR. PRÆSTERET TIME";"Lønmodtagergrupper i alt";"Timelønnede";"Sektorer i alt";"7515 Prøvesmagning af nærings- og nydelsesmidler";..
"Mænd";"FORTJENESTE PR. PRÆSTERET TIME";"Lønmodtagergrupper i alt";"Timelønnede";"Sektorer i alt";"7516 Fremstilling af tobaksprodukter";242.77
"Mænd";"FORTJENESTE PR. PRÆSTERET TIME";"Lønmodtagergrupper i alt";"Timelønnede";"Sektorer i alt";"752 Håndværkspræget arbejde i træindustri";225.26
"Mænd";"FORTJENESTE PR. PRÆSTERET TIME";"Lønmodtagergrupper i alt";"Timelønnede";"Sektorer i alt";"7521 Håndværkspræget træimprægneringsarbejde";..
"Mænd";"FORTJENESTE PR. PRÆSTERET TIME";"Lønmodtagergrupper i alt";"Timelønnede";"Sektorer i alt";"7522 Møbelsnedkerarbejde";219.36
"Mænd";"FORTJENESTE PR. PRÆSTERET TIME";"Lønmodtagergrupper i alt";"Timelønnede";"Sektorer i alt";"7523 Operatør- og opstillingsarbejde af træbearbejdningsmaskiner";227.67
"Mænd";"FORTJENESTE PR. PRÆSTERET TIME";"Lønmodtagergrupper i alt";"Timelønnede";"Sektorer i alt";"753 Tekstil- og beklædningsarbejde";217.57
"Mænd";"FORTJENESTE PR. PRÆSTERET TIME";"Lønmodtagergrupper i alt";"Timelønnede";"Sektorer i alt";"7531 Skrædderarbejde og beslægtet arbejde";..
"Mænd";"FORTJENESTE PR. PRÆSTERET TIME";"Lønmodtagergrupper i alt";"Timelønnede";"Sektorer i alt";"7532 Tilskærerarbejde";..
"Mænd";"FORTJENESTE PR. PRÆSTERET TIME";"Lønmodtagergrupper i alt";"Timelønnede";"Sektorer i alt";"7533 Syarbejde og beslægtet arbejde";226.93
"Mænd";"FORTJENESTE PR. PRÆSTERET TIME";"Lønmodtagergrupper i alt";"Timelønnede";"Sektorer i alt";"7534 Møbelpolstrerarbejde";216.91
"Mænd";"FORTJENESTE PR. PRÆSTERET TIME";"Lønmodtagergrupper i alt";"Timelønnede";"Sektorer i alt";"7535 Forarbejdning af skind";..
"Mænd";"FORTJENESTE PR. PRÆSTERET TIME";"Lønmodtagergrupper i alt";"Timelønnede";"Sektorer i alt";"7536 Skomagerarbejde og beslægtet arbejde";..
"Mænd";"FORTJENESTE PR. PRÆSTERET TIME";"Lønmodtagergrupper i alt";"Timelønnede";"Sektorer i alt";"754 Andet håndværkspræget arbejde";244.50
"Mænd";"FORTJENESTE PR. PRÆSTERET TIME";"Lønmodtagergrupper i alt";"Timelønnede";"Sektorer i alt";"7541 Dykkerarbejde";..
"Mænd";"FORTJENESTE PR. PRÆSTERET TIME";"Lønmodtagergrupper i alt";"Timelønnede";"Sektorer i alt";"7542 Sprængnings- og fyrværkeriarbejde";..
"Mænd";"FORTJENESTE PR. PRÆSTERET TIME";"Lønmodtagergrupper i alt";"Timelønnede";"Sektorer i alt";"7543 Kvalitetskontrol og testarbejde af produkter (undtagen nærings- og nydelsesmidler)";257.33
"Mænd";"FORTJENESTE PR. PRÆSTERET TIME";"Lønmodtagergrupper i alt";"Timelønnede";"Sektorer i alt";"7544 Desinfektionsarbejde og skadedyrsbekæmpelse";..
"Mænd";"FORTJENESTE PR. PRÆSTERET TIME";"Lønmodtagergrupper i alt";"Timelønnede";"Sektorer i alt";"7549 Håndværkspræget arbejde ikke klassificeret andetsteds";237.13
"Mænd";"FORTJENESTE PR. PRÆSTERET TIME";"Lønmodtagergrupper i alt";"Timelønnede";"Sektorer i alt";"8 Operatør- og monteringsarbejde samt transportarbejde";252.00
"Mænd";"FORTJENESTE PR. PRÆSTERET TIME";"Lønmodtagergrupper i alt";"Timelønnede";"Sektorer i alt";"81 Operatørarbejde ved stationære anlæg og maskiner";263.82
"Mænd";"FORTJENESTE PR. PRÆSTERET TIME";"Lønmodtagergrupper i alt";"Timelønnede";"Sektorer i alt";"811 Operatørarbejde ved anlæg i minedrift og råstofudvinding";257.44
"Mænd";"FORTJENESTE PR. PRÆSTERET TIME";"Lønmodtagergrupper i alt";"Timelønnede";"Sektorer i alt";"8111 Mine- og stenbrudsarbejde";..
"Mænd";"FORTJENESTE PR. PRÆSTERET TIME";"Lønmodtagergrupper i alt";"Timelønnede";"Sektorer i alt";"8112 Operatørarbejde ved anlæg til råstofudvinding";250.48
"Mænd";"FORTJENESTE PR. PRÆSTERET TIME";"Lønmodtagergrupper i alt";"Timelønnede";"Sektorer i alt";"8113 Boreanlægsarbejde";253.35
"Mænd";"FORTJENESTE PR. PRÆSTERET TIME";"Lønmodtagergrupper i alt";"Timelønnede";"Sektorer i alt";"8114 Operatørarbejde ved fremstilling af cement-, sten- og andre råstofprodukter";255.38
"Mænd";"FORTJENESTE PR. PRÆSTERET TIME";"Lønmodtagergrupper i alt";"Timelønnede";"Sektorer i alt";"812 Operatørarbejde ved forarbejdning og færdiggørelse af metal";247.73
"Mænd";"FORTJENESTE PR. PRÆSTERET TIME";"Lønmodtagergrupper i alt";"Timelønnede";"Sektorer i alt";"8121 Operatørarbejde ved forarbejdning af metal";250.03
"Mænd";"FORTJENESTE PR. PRÆSTERET TIME";"Lønmodtagergrupper i alt";"Timelønnede";"Sektorer i alt";"8122 Operatørarbejde ved overfladebehandling af metal";236.88
"Mænd";"FORTJENESTE PR. PRÆSTERET TIME";"Lønmodtagergrupper i alt";"Timelønnede";"Sektorer i alt";"813 Operatørarbejde ved fremstilling af kemiske og fotografiske produkter";301.92
"Mænd";"FORTJENESTE PR. PRÆSTERET TIME";"Lønmodtagergrupper i alt";"Timelønnede";"Sektorer i alt";"8131 Operatørarbejde ved fremstilling af kemiske produkter";302.55
"Mænd";"FORTJENESTE PR. PRÆSTERET TIME";"Lønmodtagergrupper i alt";"Timelønnede";"Sektorer i alt";"8132 Operatørarbejde ved fremstilling af fotografiske produkter";..
"Mænd";"FORTJENESTE PR. PRÆSTERET TIME";"Lønmodtagergrupper i alt";"Timelønnede";"Sektorer i alt";"814 Operatører af maskiner til fremstilling af gummi-, plastik- og papirprodukter";267.36
"Mænd";"FORTJENESTE PR. PRÆSTERET TIME";"Lønmodtagergrupper i alt";"Timelønnede";"Sektorer i alt";"8141 Operatørarbejde ved fremstilling af gummiprodukter";243.94
"Mænd";"FORTJENESTE PR. PRÆSTERET TIME";"Lønmodtagergrupper i alt";"Timelønnede";"Sektorer i alt";"8142 Operatørarbejde ved fremstilling af plast";262.27
"Mænd";"FORTJENESTE PR. PRÆSTERET TIME";"Lønmodtagergrupper i alt";"Timelønnede";"Sektorer i alt";"8143 Operatørarbejde ved fremstilling af papirprodukter";281.02
"Mænd";"FORTJENESTE PR. PRÆSTERET TIME";"Lønmodtagergrupper i alt";"Timelønnede";"Sektorer i alt";"815 Operatørarbejde ved fremstilling af tekstil-, pels- og læderprodukter";238.89
"Mænd";"FORTJENESTE PR. PRÆSTERET TIME";"Lønmodtagergrupper i alt";"Timelønnede";"Sektorer i alt";"8151 Operatørarbejde ved forarbejdning af materialer i fiber og tekstil";..
"Mænd";"FORTJENESTE PR. PRÆSTERET TIME";"Lønmodtagergrupper i alt";"Timelønnede";"Sektorer i alt";"8152 Operatørarbejde ved vævning og strikning";244.26
"Mænd";"FORTJENESTE PR. PRÆSTERET TIME";"Lønmodtagergrupper i alt";"Timelønnede";"Sektorer i alt";"8153 Operatørarbejde af symaskiner";..
"Mænd";"FORTJENESTE PR. PRÆSTERET TIME";"Lønmodtagergrupper i alt";"Timelønnede";"Sektorer i alt";"8154 Operatørarbejde ved blegning, farvning og rensning af tekstiler";239.08
"Mænd";"FORTJENESTE PR. PRÆSTERET TIME";"Lønmodtagergrupper i alt";"Timelønnede";"Sektorer i alt";"8155 Operatørarbejde ved klargøring af pels og læder";..
"Mænd";"FORTJENESTE PR. PRÆSTERET TIME";"Lønmodtagergrupper i alt";"Timelønnede";"Sektorer i alt";"8156 Operatørarbejde ved fremstilling af fodtøj og tilsvarende produkter";..
"Mænd";"FORTJENESTE PR. PRÆSTERET TIME";"Lønmodtagergrupper i alt";"Timelønnede";"Sektorer i alt";"8157 Operatørarbejde af vaskemaskiner";..
"Mænd";"FORTJENESTE PR. PRÆSTERET TIME";"Lønmodtagergrupper i alt";"Timelønnede";"Sektorer i alt";"8159 Andet operatørarbejde ved fremstilling af tekstil-, pels- og læderprodukter";246.93
"Mænd";"FORTJENESTE PR. PRÆSTERET TIME";"Lønmodtagergrupper i alt";"Timelønnede";"Sektorer i alt";"816 Operatørarbejde ved fremstilling af nærings- og nydelsesmidler";268.47
"Mænd";"FORTJENESTE PR. PRÆSTERET TIME";"Lønmodtagergrupper i alt";"Timelønnede";"Sektorer i alt";"8160 Operatørarbejde ved fremstilling af nærings- og nydelsesmidler";268.47
"Mænd";"FORTJENESTE PR. PRÆSTERET TIME";"Lønmodtagergrupper i alt";"Timelønnede";"Sektorer i alt";"817 Operatørarbejde ved træforarbejdning og papirfremstilling";243.35
"Mænd";"FORTJENESTE PR. PRÆSTERET TIME";"Lønmodtagergrupper i alt";"Timelønnede";"Sektorer i alt";"8171 Operatørarbejde ved fremstilling af papirmasse og papirprodukter";279.20
"Mænd";"FORTJENESTE PR. PRÆSTERET TIME";"Lønmodtagergrupper i alt";"Timelønnede";"Sektorer i alt";"8172 Operatørarbejde ved træforarbejdning";240.98
"Mænd";"FORTJENESTE PR. PRÆSTERET TIME";"Lønmodtagergrupper i alt";"Timelønnede";"Sektorer i alt";"818 Andet operatørarbejde ved stationære anlæg og maskiner";277.95
"Mænd";"FORTJENESTE PR. PRÆSTERET TIME";"Lønmodtagergrupper i alt";"Timelønnede";"Sektorer i alt";"8181 Operatørarbejde ved fremstilling af glas og keramik";265.62
"Mænd";"FORTJENESTE PR. PRÆSTERET TIME";"Lønmodtagergrupper i alt";"Timelønnede";"Sektorer i alt";"8182 Operatørarbejde ved dampmaskine- og kedelanlæg";309.24
"Mænd";"FORTJENESTE PR. PRÆSTERET TIME";"Lønmodtagergrupper i alt";"Timelønnede";"Sektorer i alt";"8183 Operatørarbejde af maskiner til pakning, påfyldning og mærkning";252.09
"Mænd";"FORTJENESTE PR. PRÆSTERET TIME";"Lønmodtagergrupper i alt";"Timelønnede";"Sektorer i alt";"8189 Andet operatørarbejde ved stationære anlæg og maskiner";282.63
"Mænd";"FORTJENESTE PR. PRÆSTERET TIME";"Lønmodtagergrupper i alt";"Timelønnede";"Sektorer i alt";"82 Monteringsarbejde";263.56
"Mænd";"FORTJENESTE PR. PRÆSTERET TIME";"Lønmodtagergrupper i alt";"Timelønnede";"Sektorer i alt";"821 Monteringsarbejde";263.56
"Mænd";"FORTJENESTE PR. PRÆSTERET TIME";"Lønmodtagergrupper i alt";"Timelønnede";"Sektorer i alt";"8211 Monteringsarbejde af mekaniske maskiner";258.15
"Mænd";"FORTJENESTE PR. PRÆSTERET TIME";"Lønmodtagergrupper i alt";"Timelønnede";"Sektorer i alt";"8212 Monteringsarbejde af elektrisk og elektronisk udstyr";257.34
"Mænd";"FORTJENESTE PR. PRÆSTERET TIME";"Lønmodtagergrupper i alt";"Timelønnede";"Sektorer i alt";"8219 Andet monteringsarbejde";267.73
"Mænd";"FORTJENESTE PR. PRÆSTERET TIME";"Lønmodtagergrupper i alt";"Timelønnede";"Sektorer i alt";"83 Chaufførarbejde og førere af køretøjer og mobile maskiner";239.94
"Mænd";"FORTJENESTE PR. PRÆSTERET TIME";"Lønmodtagergrupper i alt";"Timelønnede";"Sektorer i alt";"831 Lokomotivførerarbejde og tograngering";..
"Mænd";"FORTJENESTE PR. PRÆSTERET TIME";"Lønmodtagergrupper i alt";"Timelønnede";"Sektorer i alt";"8311 Lokomotivførerarbejde";..
"Mænd";"FORTJENESTE PR. PRÆSTERET TIME";"Lønmodtagergrupper i alt";"Timelønnede";"Sektorer i alt";"8312 Tograngering";..
"Mænd";"FORTJENESTE PR. PRÆSTERET TIME";"Lønmodtagergrupper i alt";"Timelønnede";"Sektorer i alt";"832 Chauffører af biler, varevogne og motorcykler";208.91
"Mænd";"FORTJENESTE PR. PRÆSTERET TIME";"Lønmodtagergrupper i alt";"Timelønnede";"Sektorer i alt";"8321 Motorcykelførere";..
"Mænd";"FORTJENESTE PR. PRÆSTERET TIME";"Lønmodtagergrupper i alt";"Timelønnede";"Sektorer i alt";"8322 Chauffører af biler, taxier og varevogne";208.91
"Mænd";"FORTJENESTE PR. PRÆSTERET TIME";"Lønmodtagergrupper i alt";"Timelønnede";"Sektorer i alt";"833 Chauffører af busser og lastbiler";239.92
"Mænd";"FORTJENESTE PR. PRÆSTERET TIME";"Lønmodtagergrupper i alt";"Timelønnede";"Sektorer i alt";"8331 Buschauffører";218.73
"Mænd";"FORTJENESTE PR. PRÆSTERET TIME";"Lønmodtagergrupper i alt";"Timelønnede";"Sektorer i alt";"8332 Lastbilchauffører";247.52
"Mænd";"FORTJENESTE PR. PRÆSTERET TIME";"Lønmodtagergrupper i alt";"Timelønnede";"Sektorer i alt";"834 Førere af mobile maskiner";253.49
"Mænd";"FORTJENESTE PR. PRÆSTERET TIME";"Lønmodtagergrupper i alt";"Timelønnede";"Sektorer i alt";"8341 Førere af mobile landsbrugs- og skovbrugsmaskiner";..
"Mænd";"FORTJENESTE PR. PRÆSTERET TIME";"Lønmodtagergrupper i alt";"Timelønnede";"Sektorer i alt";"8342 Entreprenørmaskinførerarbejde";249.38
"Mænd";"FORTJENESTE PR. PRÆSTERET TIME";"Lønmodtagergrupper i alt";"Timelønnede";"Sektorer i alt";"8343 Kran- og liftførerarbejde";283.98
"Mænd";"FORTJENESTE PR. PRÆSTERET TIME";"Lønmodtagergrupper i alt";"Timelønnede";"Sektorer i alt";"8344 Truckførerarbejde";250.81
"Mænd";"FORTJENESTE PR. PRÆSTERET TIME";"Lønmodtagergrupper i alt";"Timelønnede";"Sektorer i alt";"835 Dæksarbejde og medhjælp om bord på skibe";..
"Mænd";"FORTJENESTE PR. PRÆSTERET TIME";"Lønmodtagergrupper i alt";"Timelønnede";"Sektorer i alt";"8350 Dæksarbejde og medhjælp om bord på skibe";..
"Mænd";"FORTJENESTE PR. PRÆSTERET TIME";"Lønmodtagergrupper i alt";"Timelønnede";"Sektorer i alt";"9 Andet manuelt arbejde";230.29
"Mænd";"FORTJENESTE PR. PRÆSTERET TIME";"Lønmodtagergrupper i alt";"Timelønnede";"Sektorer i alt";"91 Rengøringsarbejde";204.73
"Mænd";"FORTJENESTE PR. PRÆSTERET TIME";"Lønmodtagergrupper i alt";"Timelønnede";"Sektorer i alt";"911 Rengøringsarbejde i private hjem, hoteller og kontorer";201.00
"Mænd";"FORTJENESTE PR. PRÆSTERET TIME";"Lønmodtagergrupper i alt";"Timelønnede";"Sektorer i alt";"9111 Rengøringsarbejde i private hjem";..
"Mænd";"FORTJENESTE PR. PRÆSTERET TIME";"Lønmodtagergrupper i alt";"Timelønnede";"Sektorer i alt";"9112 Rengøringsarbejde undtagen i private hjem";201.06
"Mænd";"FORTJENESTE PR. PRÆSTERET TIME";"Lønmodtagergrupper i alt";"Timelønnede";"Sektorer i alt";"912 Manuelt rengøringsarbejde af køretøjer, vinduer, vasketøj og andet";216.29
"Mænd";"FORTJENESTE PR. PRÆSTERET TIME";"Lønmodtagergrupper i alt";"Timelønnede";"Sektorer i alt";"9121 Manuel vask og presning af tøj";217.08
"Mænd";"FORTJENESTE PR. PRÆSTERET TIME";"Lønmodtagergrupper i alt";"Timelønnede";"Sektorer i alt";"9122 Rengøring af transportmidler";195.99
"Mænd";"FORTJENESTE PR. PRÆSTERET TIME";"Lønmodtagergrupper i alt";"Timelønnede";"Sektorer i alt";"9123 Vinduespudsning";244.65
"Mænd";"FORTJENESTE PR. PRÆSTERET TIME";"Lønmodtagergrupper i alt";"Timelønnede";"Sektorer i alt";"9129 Andet rengøringsarbejde";220.18
"Mænd";"FORTJENESTE PR. PRÆSTERET TIME";"Lønmodtagergrupper i alt";"Timelønnede";"Sektorer i alt";"92 Manuelt arbejde inden for landbrug, skovbrug og fiskeri";196.30
"Mænd";"FORTJENESTE PR. PRÆSTERET TIME";"Lønmodtagergrupper i alt";"Timelønnede";"Sektorer i alt";"921 Manuelt arbejde inden for landbrug, skovbrug og fiskeri";196.30
"Mænd";"FORTJENESTE PR. PRÆSTERET TIME";"Lønmodtagergrupper i alt";"Timelønnede";"Sektorer i alt";"9211 Manuelt arbejde inden for agerbrug";..
"Mænd";"FORTJENESTE PR. PRÆSTERET TIME";"Lønmodtagergrupper i alt";"Timelønnede";"Sektorer i alt";"9212 Manuelt arbejde inden for husdyravl";..
"Mænd";"FORTJENESTE PR. PRÆSTERET TIME";"Lønmodtagergrupper i alt";"Timelønnede";"Sektorer i alt";"9213 Manuelt arbejde inden for både agerbrug og husdyravl";158.45
"Mænd";"FORTJENESTE PR. PRÆSTERET TIME";"Lønmodtagergrupper i alt";"Timelønnede";"Sektorer i alt";"9214 Manuelt arbejde inden for havebrug og væksthusgartneri";199.31
"Mænd";"FORTJENESTE PR. PRÆSTERET TIME";"Lønmodtagergrupper i alt";"Timelønnede";"Sektorer i alt";"9215 Manuelt skovarbejde";..
"Mænd";"FORTJENESTE PR. PRÆSTERET TIME";"Lønmodtagergrupper i alt";"Timelønnede";"Sektorer i alt";"9216 Manuelt arbejde inden for fiskeri og akvakultur";232.59
"Mænd";"FORTJENESTE PR. PRÆSTERET TIME";"Lønmodtagergrupper i alt";"Timelønnede";"Sektorer i alt";"93 Manuelt arbejde inden for råstofudvinding, bygge- og anlægssektoren, produktion og transport";242.71
"Mænd";"FORTJENESTE PR. PRÆSTERET TIME";"Lønmodtagergrupper i alt";"Timelønnede";"Sektorer i alt";"931 Manuelt arbejde inden for råstofudvinding og bygge- og anlægssektoren";258.46
"Mænd";"FORTJENESTE PR. PRÆSTERET TIME";"Lønmodtagergrupper i alt";"Timelønnede";"Sektorer i alt";"9311 Manuelt arbejde inden for råstofudvinding";..
"Mænd";"FORTJENESTE PR. PRÆSTERET TIME";"Lønmodtagergrupper i alt";"Timelønnede";"Sektorer i alt";"9312 Manuelt arbejde inden for anlægssektoren";253.92
"Mænd";"FORTJENESTE PR. PRÆSTERET TIME";"Lønmodtagergrupper i alt";"Timelønnede";"Sektorer i alt";"9313 Manuelt arbejde inden for byggesektoren";263.72
"Mænd";"FORTJENESTE PR. PRÆSTERET TIME";"Lønmodtagergrupper i alt";"Timelønnede";"Sektorer i alt";"932 Manuelt produktionsarbejde";229.69
"Mænd";"FORTJENESTE PR. PRÆSTERET TIME";"Lønmodtagergrupper i alt";"Timelønnede";"Sektorer i alt";"9321 Pakkeriarbejde";237.79
"Mænd";"FORTJENESTE PR. PRÆSTERET TIME";"Lønmodtagergrupper i alt";"Timelønnede";"Sektorer i alt";"9329 Andet manuelt produktionsarbejde";225.25
"Mænd";"FORTJENESTE PR. PRÆSTERET TIME";"Lønmodtagergrupper i alt";"Timelønnede";"Sektorer i alt";"933 Transport- og lagerarbejde";230.07
"Mænd";"FORTJENESTE PR. PRÆSTERET TIME";"Lønmodtagergrupper i alt";"Timelønnede";"Sektorer i alt";"9331 Førere af hånd- og pedaldrevne køretøjer";..
"Mænd";"FORTJENESTE PR. PRÆSTERET TIME";"Lønmodtagergrupper i alt";"Timelønnede";"Sektorer i alt";"9332 Førere af dyretrukne køretøjer og maskineri";..
"Mænd";"FORTJENESTE PR. PRÆSTERET TIME";"Lønmodtagergrupper i alt";"Timelønnede";"Sektorer i alt";"9333 Arbejde med lastning og losning";270.82
"Mænd";"FORTJENESTE PR. PRÆSTERET TIME";"Lønmodtagergrupper i alt";"Timelønnede";"Sektorer i alt";"9334 Arbejde med opfyldning af lager og butik";227.66
"Mænd";"FORTJENESTE PR. PRÆSTERET TIME";"Lønmodtagergrupper i alt";"Timelønnede";"Sektorer i alt";"94 Manuelt arbejde med tilberedning af mad";163.26
"Mænd";"FORTJENESTE PR. PRÆSTERET TIME";"Lønmodtagergrupper i alt";"Timelønnede";"Sektorer i alt";"941 Manuelt arbejde med tilberedning af mad";163.26
"Mænd";"FORTJENESTE PR. PRÆSTERET TIME";"Lønmodtagergrupper i alt";"Timelønnede";"Sektorer i alt";"9411 Tilberedning af fastfood";161.30
"Mænd";"FORTJENESTE PR. PRÆSTERET TIME";"Lønmodtagergrupper i alt";"Timelønnede";"Sektorer i alt";"9412 Køkkenhjælp mv.";163.84
"Mænd";"FORTJENESTE PR. PRÆSTERET TIME";"Lønmodtagergrupper i alt";"Timelønnede";"Sektorer i alt";"95 Gadesalg og -service";..
"Mænd";"FORTJENESTE PR. PRÆSTERET TIME";"Lønmodtagergrupper i alt";"Timelønnede";"Sektorer i alt";"951 Servicearbejde på gaden";..
"Mænd";"FORTJENESTE PR. PRÆSTERET TIME";"Lønmodtagergrupper i alt";"Timelønnede";"Sektorer i alt";"9510 Servicearbejde på gaden";..
"Mænd";"FORTJENESTE PR. PRÆSTERET TIME";"Lønmodtagergrupper i alt";"Timelønnede";"Sektorer i alt";"952 Gadesalg (undtagen madvarer)";..
"Mænd";"FORTJENESTE PR. PRÆSTERET TIME";"Lønmodtagergrupper i alt";"Timelønnede";"Sektorer i alt";"9520 Gadesalg (undtagen madvarer)";..
"Mænd";"FORTJENESTE PR. PRÆSTERET TIME";"Lønmodtagergrupper i alt";"Timelønnede";"Sektorer i alt";"96 Renovationsarbejde og andet manuelt arbejde";221.95
"Mænd";"FORTJENESTE PR. PRÆSTERET TIME";"Lønmodtagergrupper i alt";"Timelønnede";"Sektorer i alt";"961 Renovationsarbejde";266.40
"Mænd";"FORTJENESTE PR. PRÆSTERET TIME";"Lønmodtagergrupper i alt";"Timelønnede";"Sektorer i alt";"9611 Indsamling af skrald og genbrugsartikler";274.78
"Mænd";"FORTJENESTE PR. PRÆSTERET TIME";"Lønmodtagergrupper i alt";"Timelønnede";"Sektorer i alt";"9612 Arbejde med affaldssortering";225.19
"Mænd";"FORTJENESTE PR. PRÆSTERET TIME";"Lønmodtagergrupper i alt";"Timelønnede";"Sektorer i alt";"9613 Gadefejning og beslægtet arbejde";265.04
"Mænd";"FORTJENESTE PR. PRÆSTERET TIME";"Lønmodtagergrupper i alt";"Timelønnede";"Sektorer i alt";"962 Andet manuelt arbejde";195.80
"Mænd";"FORTJENESTE PR. PRÆSTERET TIME";"Lønmodtagergrupper i alt";"Timelønnede";"Sektorer i alt";"9621 Kurérarbejde og transport af bagage";188.35
"Mænd";"FORTJENESTE PR. PRÆSTERET TIME";"Lønmodtagergrupper i alt";"Timelønnede";"Sektorer i alt";"9622 Forefaldende arbejde";202.98
"Mænd";"FORTJENESTE PR. PRÆSTERET TIME";"Lønmodtagergrupper i alt";"Timelønnede";"Sektorer i alt";"9623 Måleraflæsning og tømning af salgsautomater";..
"Mænd";"FORTJENESTE PR. PRÆSTERET TIME";"Lønmodtagergrupper i alt";"Timelønnede";"Sektorer i alt";"9629 Andet manuelt arbejde";195.54
